[{"count":"1","desc":"من قالها حين يصبح أجير من الجن حتى يمسى ومن قالها حين يمسى أجير من الجن حتى يصبح.","ref":"آية الكرسى - سورة البقرة 255","zekr":"أَعُوذُ بِاللهِ مِنْ الشَّيْطَانِ الرَّجِيمِ\nاللّهُ لاَ إِلَـهَ إِلاَّ هُوَ الْحَيُّ الْقَيُّومُ لاَ تَأْخُذُهُ سِنَةٌ وَلاَ نَوْمٌ لَّهُ مَا فِي السَّمَاوَاتِ وَمَا فِي الأَرْضِ مَن ذَا الَّذِي يَشْفَعُ عِنْدَهُ إِلاَّ بِإِذْنِهِ يَعْلَمُ مَا بَيْنَ أَيْدِيهِمْ وَمَا خَلْفَهُمْ وَلاَ يُحِيطُونَ بِشَيْءٍ مِّنْ عِلْمِهِ إِلاَّ بِمَا شَاء وَسِعَ كُرْسِيُّهُ السَّمَاوَاتِ وَالأَرْضَ وَلاَ يَؤُودُهُ حِفْظُهُمَا وَهُوَ الْعَلِيُّ الْعَظِيمُ."},{"count":"1","desc":"من قرأ آيتين من آخر سورة البقرة في ليلة كفتاه.","ref":"سورة البقرة 285-286","zekr":"أَعُوذُ بِاللهِ مِنْ الشَّيْطَانِ الرَّجِيمِ\nآمَنَ الرَّسُولُ بِمَا أُنْزِلَ إِلَيْهِ مِنْ رَبِّهِ وَالْمُؤْمِنُونَ ۚ كُلٌّ آمَنَ بِاللَّهِ وَمَلَائِكَتِهِ وَكُتُبِهِ وَرُسُلِهِ لَا نُفَرِّقُ بَيْنَ أَحَدٍ مِنْ رُسُلِهِ ۚ وَقَالُوا سَمِعْنَا وَأَطَعْنَا ۖ غُفْرَانَكَ رَبَّنَا وَإِلَيْكَ الْمَصِيرُ. لَا يُكَلِّفُ اللَّهُ نَفْسًا إِلَّا وُسْعَهَا لَهَا مَا كَسَبَتْ وَعَلَيْهَا مَا اكْتَسَبَتْ رَبَّنَا لَا تُؤَاخِذْنَا إِنْ نَّسِينَآ أَوْ أَخْطَأْنَا رَبَّنَا وَلَا تَحْمِلْ عَلَيْنَا إِصْرًا كَمَا حَمَلْتَهُ عَلَى الَّذِينَ مِنْ قَبْلِنَا رَبَّنَا وَلَا تُحَمِّلْنَا مَا لَا طَاقَةَ لَنَا بِهِ وَاعْفُ عَنَّا وَاغْفِرْ لَنَا وَارْحَمْنَا أَنْتَ مَوْلَانَا فَانْصُرْنَا عَلَى الْقَوْمِ الْكَافِرِينَ."},{"count":"3","desc":"من قالها حين يصبح وحين يمسى كفته من كل شىء (الإخلاص والمعوذتين).","ref":"سورة الإخلاص","zekr":"بِسْمِ اللهِ الرَّحْمنِ الرَّحِيم\nقُلْ هُوَ ٱللَّهُ أَحَدٌ، ٱللَّهُ ٱلصَّمَدُ، لَمْ يَلِدْ وَلَمْ يُولَدْ، وَلَمْ يَكُن لَّهُۥ كُفُوًا أَحَدٌۢ."},{"count":"3","desc":"","ref":"سورة الفلق","zekr":"بِسْمِ اللهِ الرَّحْمنِ الرَّحِيم\nقُلْ أَعُوذُ بِرَبِّ ٱلْفَلَقِ، مِن شَرِّ مَا خَلَقَ، وَمِن شَرِّ غَاسِقٍ إِذَا وَقَبَ، وَمِن شَرِّ ٱلنَّفَّٰثَٰتِ فِى ٱلْعُقَدِ، وَمِن شَرِّ حَاسِدٍ إِذَا حَسَدَ."},{"count":"3","desc":"","ref":"سورة الناس","zekr":"بِسْمِ اللهِ الرَّحْمنِ الرَّحِيم\nقُلْ أَعُوذُ بِرَبِّ ٱلنَّاسِ، مَلِكِ ٱلنَّاسِ، إِلَٰهِ ٱلنَّاسِ، مِن شَرِّ ٱلْوَسْوَاسِ ٱلْخَنَّاسِ، ٱلَّذِى يُوَسْوِسُ فِى صُدُورِ ٱلنَّاسِ، مِنَ ٱلْجِنَّةِ وَٱلنَّاسِ."},{"count":"1","desc":"","ref":"مسلم","zekr":"أَمْسَيْـنا وَأَمْسـى المـلكُ لله وَالحَمدُ لله، لا إلهَ إلاّ اللّهُ وَحدَهُ لا شَريكَ لهُ، لهُ المُـلكُ ولهُ الحَمْـد، وهُوَ على كلّ شَيءٍ قدير، رَبِّ أسْـأَلُـكَ خَـيرَ ما في هـذهِ اللَّـيْلَةِ وَخَـيرَ ما بَعْـدَهـا، وَأَعـوذُ بِكَ مِنْ شَـرِّ ما في هـذهِ اللَّـيْلةِ وَشَرِّ ما بَعْـدَهـا، رَبِّ أَعـوذُبِكَ مِنَ الْكَسَـلِ وَسـوءِ الْكِـبَر، رَبِّ أَعـوذُ بِكَ مِنْ عَـذابٍ في النّـارِ وَعَـذابٍ في القَـبْر."},{"count":"1","desc":"من قالها موقنا بها حين يمسى ومات من ليلته دخل الجنة وكذلك حين يصبح.","ref":"البخاري","zekr":"اللّهـمَّ أَنْتَ رَبِّـي لا إلهَ إلاّ أَنْتَ، خَلَقْتَنـي وَأَنا عَبْـدُك، وَأَنا عَلـى عَهْـدِكَ وَوَعْـدِكَ ما اسْتَـطَعْـت، أَعـوذُبِكَ مِنْ شَـرِّ ما صَنَـعْت، أَبـوءُ لَـكَ بِنِعْـمَتِـكَ عَلَـيَّ وَأَبـوءُ بِذَنْـبي فَاغْفـِرْ لي فَإِنَّـهُ لا يَغْـفِرُ الذُّنـوبَ إِلاّ أَنْتَ ."},{"count":"3","desc":"من قالها حين يصبح وحين يمسى كان حقا على الله أن يرضيه يوم القيامة.","ref":"أحمد","zekr":"رَضيـتُ بِاللهِ رَبَّـاً وَبِالإسْلامِ ديـناً وَبِمُحَـمَّدٍ صلى الله عليه وسلم نَبِيّـاً."},{"count":"4","desc":"من قالها أعتقه الله من النار.","ref":"أبو داود","zekr":"اللّهُـمَّ إِنِّـي أَمسيتُ أُشْـهِدُك، وَأُشْـهِدُ حَمَلَـةَ عَـرْشِـك، وَمَلَائِكَتَكَ، وَجَمـيعَ خَلْـقِك، أَنَّـكَ أَنْـتَ اللهُ لا إلهَ إلاّ أَنْـتَ وَحْـدَكَ لا شَريكَ لَـك، وَأَنَّ ُ مُحَمّـداً عَبْـدُكَ وَرَسـولُـك."},{"count":"1","desc":"من قالها حين يمسى أدى شكر يومه.","ref":"أبو داود","zekr":"اللّهُـمَّ ما أَمسى بي مِـنْ نِعْـمَةٍ أَو بِأَحَـدٍ مِـنْ خَلْـقِك، فَمِـنْكَ وَحْـدَكَ لا شريكَ لَـك، فَلَـكَ الْحَمْـدُ وَلَـكَ الشُّكْـر."},{"count":"7","desc":"من قالها كفاه الله ما أهمه من أمر الدنيا والأخرة.","ref":"ابن السني","zekr":"حَسْبِـيَ اللّهُ لا إلهَ إلاّ هُوَ عَلَـيهِ تَوَكَّـلتُ وَهُوَ رَبُّ العَرْشِ العَظـيم."},{"count":"3","desc":"لم يضره من الله شيء.","ref":"ابن ماجة","zekr":"بِسـمِ اللهِ الذي لا يَضُـرُّ مَعَ اسمِـهِ شَيءٌ في الأرْضِ وَلا في السّمـاءِ وَهـوَ السّمـيعُ العَلـيم."},{"count":"1","desc":"","ref":"الترمذي","zekr":"اللّهُـمَّ بِكَ أَمْسَـينا وَبِكَ أَصْـبَحْنا، وَبِكَ نَحْـيا وَبِكَ نَمُـوتُ وَإِلَـيْكَ الْمَصِيرُ."},{"count":"1","desc":"","ref":"أحمد","zekr":"أَمْسَيْنَا عَلَى فِطْرَةِ الإسْلاَمِ، وَعَلَى كَلِمَةِ الإِخْلاَصِ، وَعَلَى دِينِ نَبِيِّنَا مُحَمَّدٍ صَلَّى اللهُ عَلَيْهِ وَسَلَّمَ، وَعَلَى مِلَّةِ أَبِينَا إبْرَاهِيمَ حَنِيفاً مُسْلِماً وَمَا كَانَ مِنَ المُشْرِكِينَ."},{"count":"3","desc":"","ref":"مسلم","zekr":"سُبْحـانَ اللهِ وَبِحَمْـدِهِ عَدَدَ خَلْـقِه، وَرِضـا نَفْسِـه، وَزِنَـةَ عَـرْشِـه، وَمِـدادَ كَلِمـاتِـه."},{"count":"3","desc":"","ref":"أحمد","zekr":"اللّهُـمَّ عافِـني في بَدَنـي، اللّهُـمَّ عافِـني في سَمْـعي، اللّهُـمَّ عافِـني في بَصَـري، لا إلهَ إلاّ أَنْـتَ."},{"count":"3","desc":"","ref":"","zekr":"اللّهُـمَّ إِنّـي أَعـوذُ بِكَ مِنَ الْكُـفر، وَالفَـقْر، وَأَعـوذُ بِكَ مِنْ عَذابِ القَـبْر، لا إلهَ إلاّ أَنْـتَ."},{"count":"1","desc":"","ref":"أبو داود","zekr":"اللّهُـمَّ إِنِّـي أسْـأَلُـكَ العَـفْوَ وَالعـافِـيةَ في الدُّنْـيا وَالآخِـرَة، اللّهُـمَّ إِنِّـي أسْـأَلُـكَ العَـفْوَ وَالعـافِـيةَ في ديني وَدُنْـيايَ وَأهْـلي وَمالـي، اللّهُـمَّ اسْتُـرْ عـوْراتي وَآمِـنْ رَوْعاتـي، اللّهُـمَّ احْفَظْـني مِن بَـينِ يَدَيَّ وَمِن خَلْفـي وَعَن يَمـيني وَعَن شِمـالي، وَمِن فَوْقـي، وَأَعـوذُ بِعَظَمَـتِكَ أَن أُغْـتالَ مِن تَحْتـي."},{"count":"3","desc":"","ref":"الترمذي","zekr":"يَا حَيُّ يَا قيُّومُ بِرَحْمَتِكَ أسْتَغِيثُ أصْلِحْ لِي شَأنِي كُلَّهُ وَلاَ تَكِلْنِي إلَى نَفْسِي طَـرْفَةَ عَيْنٍ."},{"count":"1","desc":"","ref":"أبو داود","zekr":"أَمْسَيْنا وَأَمْسَى الْمُلْكُ للهِ رَبِّ الْعَالَمَيْنِ، اللَّهُمَّ إِنَّي أسْأَلُكَ خَيْرَ هَذَه اللَّيْلَةِ فَتْحَهَا ونَصْرَهَا، ونُوْرَهَا وبَرَكَتهَا، وَهُدَاهَا، وَأَعُوذُ بِكَ مِنْ شَرِّ مَا فيهِا وَشَرَّ مَا بَعْدَهَا."},{"count":"1","desc":"","ref":"الترمذي","zekr":"اللّهُـمَّ عالِـمَ الغَـيْبِ وَالشّـهادَةِ فاطِـرَ السّماواتِ وَالأرْضِ رَبَّ كـلِّ شَـيءٍ وَمَليـكَه، أَشْهَـدُ أَنْ لا إِلـهَ إِلاّ أَنْت، أَعـوذُ بِكَ مِن شَـرِّ نَفْسـي وَمِن شَـرِّ الشَّيْـطانِ وَشِرْكِهِ، وَأَنْ أَقْتَـرِفَ عَلـى نَفْسـي سوءاً أَوْ أَجُـرَّهُ إِلـى مُسْـلِم."},{"count":"3","desc":"","ref":"","zekr":"أَعـوذُ بِكَلِمـاتِ اللّهِ التّـامّـاتِ مِنْ شَـرِّ ما خَلَـق."},{"count":"10","desc":"من صلى على حين يصبح وحين يمسى ادركته شفاعتى يوم القيامة.","ref":"الطبراني","zekr":"اللَّهُمَّ صَلِّ وَسَلِّمْ وَبَارِكْ على نَبِيِّنَا مُحمَّد."},{"count":"3","desc":"","ref":"","zekr":"اللَّهُمَّ إِنَّا نَعُوذُ بِكَ مِنْ أَنْ نُشْرِكَ بِكَ شَيْئًا نَعْلَمُهُ، وَنَسْتَغْفِرُكَ لِمَا لَا نَعْلَمُهُ."},{"count":"3","desc":"","ref":"أبو داود","zekr":"اللَّهُمَّ إِنِّي أَعُوذُ بِكَ مِنْ الْهَمِّ وَالْحَزَنِ، وَأَعُوذُ بِكَ مِنْ الْعَجْزِ وَالْكَسَلِ، وَأَعُوذُ بِكَ مِنْ الْجُبْنِ وَالْبُخْلِ، وَأَعُوذُ بِكَ مِنْ غَلَبَةِ الدَّيْنِ، وَقَهْرِ الرِّجَالِ."},{"count":"3","desc":"","ref":"","zekr":"أسْتَغْفِرُ اللهَ العَظِيمَ الَّذِي لاَ إلَهَ إلاَّ هُوَ، الحَيُّ القَيُّومُ، وَأتُوبُ إلَيهِ."},{"count":"3","desc":"","ref":"","zekr":"يَا رَبِّ، لَكَ الْحَمْدُ كَمَا يَنْبَغِي لِجَلَالِ وَجْهِكَ، وَلِعَظِيمِ سُلْطَانِكَ."},{"count":"100","desc":"كانت له عدل عشر رقاب، وكتبت له مئة حسنة، ومحيت عنه مئة سيئة، وكانت له حرزا من الشيطان.","ref":"الترمذي","zekr":"لَا إلَه إلّا اللهُ وَحْدَهُ لَا شَرِيكَ لَهُ، لَهُ الْمُلْكُ وَلَهُ الْحَمْدُ وَهُوَ عَلَى كُلِّ شَيْءِ قَدِيرِ."},{"count":"1","desc":"","ref":"البخاري","zekr":"اللَّهُمَّ أَنْتَ رَبِّي لا إِلَهَ إِلا أَنْتَ، عَلَيْكَ تَوَكَّلْتُ، وَأَنْتَ رَبُّ الْعَرْشِ الْعَظِيمِ، مَا شَاءَ اللَّهُ كَانَ، وَمَا لَمْ يَشَأْ لَمْ يَكُنْ، وَلا حَوْلَ وَلا قُوَّةَ إِلا بِاللَّهِ الْعَلِيِّ الْعَظِيمِ، أَعْلَمُ أَنَّ اللَّهَ عَلَى كُلِّ شَيْءٍ قَدِيرٌ، وَأَنَّ اللَّهَ قَدْ أَحَاطَ بِكُلِّ شَيْءٍ عِلْمًا، اللَّهُمَّ إِنِّي أَعُوذُ بِكَ مِنْ شَرِّ نَفْسِي، وَمِنْ شَرِّ كُلِّ دَابَّةٍ أَنْتَ آخِذٌ بِنَاصِيَتِهَا، إِنَّ رَبِّي عَلَى صِرَاطٍ مُسْتَقِيمٍ."},{"count":"100","desc":"حُطَّتْ خَطَايَاهُ وَإِنْ كَانَتْ مِثْلَ زَبَدِ الْبَحْرِ. لَمْ يَأْتِ أَحَدٌ يَوْمَ الْقِيَامَةِ بِأَفْضَلَ مِمَّا جَاءَ بِهِ إِلَّا أَحَدٌ قَالَ مِثْلَ مَا قَالَ أَوْ زَادَ عَلَيْهِ.","ref":"مسلم","zekr":"سُبْحـانَ اللهِ وَبِحَمْـدِهِ."}]