[{"count":"","desc":"فإذا قالَ ذلكَ قال الشيطانُ : حُفِظَ منِّي سائرَ اليومِ","ref":"أبو داود","zekr":"أَعُوذُ بِاللَّهِ الْعَظِيمِ، وَبِوَجْهِهِ الْكَرِيمِ، وَسُلْطَانِهِ الْقَدِيمِ، مِنَ الشَّيْطَانِ الرَّجِيمِ."},{"count":"","desc":"","ref":"الترمذي","zekr":"أَعُوذُ بِاللهِ مِنَ الشَّيْطَانِ الرَّجِيمِ، مِنْ هَمْزِهِ وَنَفْخِهِ وَنَفْثِهِ."},{"count":"","desc":"","ref":"البخاري","zekr":"أعوذُ بكلماتِ اللهِ التامَّةِ،  مِن كُلِّ شيطانٍ وهامَّةٍ،  ومِن كُلِّ عَيْنٍ لامَّةٍ."},{"count":"","desc":"","ref":"مسلم","zekr":"أعوذُ بكلماتِ اللهِ التامَّاتِ مِن شرِّ ما خَلق."},{"count":"","desc":"","ref":"مسلم","zekr":"بِسْمِ اللَّهِ أَرْقِيكَ، مِنْ كُلِّ شَيْءٍ يُؤْذِيكَ، مِنْ شَرِّ كُلِّ نَفْسٍ أَوْ عَيْنِ حَاسِدٍ، اللَّهُ يَشْفِيكَ، بِسْمِ اللَّهِ أَرْقِيكَ."},{"count":"","desc":"","ref":"مسلم","zekr":"بِسْمِ اللَّهِ (ثَلَاثًا)، أَعُوذُ بِاللَّهِ وَقُدْرَتِهِ مِنْ شَرِّ مَا أَجِدُ وَأُحَاذِرُ (سَبْعَ مَرَّاتٍ)."},{"count":"7","desc":"","ref":"أحمد","zekr":"أَسْأَلُ اللَّهَ الْعَظِيمَ رَبَّ الْعَرْشِ الْعَظِيمِ، أَنْ يَشْفِيَكَ."},{"count":"","desc":"","ref":"البخاري","zekr":"اللَّهُمَّ ربَّ النَّاسِ، أَذْهِب الْبَأسَ، واشْفِ، أَنْتَ الشَّافي لا شِفَاءَ إِلاَّ شِفَاؤُكَ، شِفاءً لا يُغَادِرُ سقَماً."},{"count":"","desc":"","ref":"أحمد","zekr":"اللَّهُمَّ اشْفِ عَبْدَكَ، وصَدِّقْ رَسُولَك."},{"count":"","desc":"","ref":"أحمد","zekr":"اللهُمَّ بَارِكْ عَلَيْهِ، وَأَذْهِبْ عَنْهُ حَرَّ الْعَيْنِ وَبَرْدَهَا وَوَصَبَهَا."},{"count":"","desc":"","ref":"الترمذي","zekr":"اللَّهُمَّ إِنَّا نَسْأَلُكَ مِنْ خَيْرِ مَا سَأَلَكَ مِنْهُ نَبِيُّكَ مُحَمَّدٌ صلى الله عليه وسلم وَنَعُوذُ بِكَ مِنْ شَرِّ مَا اسْتَعَاذَ مِنْهُ نَبِيُّكَ مُحَمَّدٌ صلى الله عليه وسلم وَأَنْتَ الْمُسْتَعَانُ، وَعَلَيْكَ الْبَلَاغُ، وَلَا حَوْلَ وَلَا قُوَّةَ إِلَّا بِاللَّهِ."},{"count":"","desc":"","ref":"أحمد\n","zekr":"لَا إِلَهَ إِلَّا اللَّهُ الْعَظِيمُ الْحَلِيمُ، لَا إِلَهَ إِلَّا اللَّهُ رَبُّ الْعَرْشِ الْكَرِيمِ، لَا إِلَهَ إِلَّا اللَّهُ رَبُّ السَّمَاوَاتِ وَرَبُّ الْعَرْشِ الْعَظِيمِ."},{"count":"3","desc":"","ref":"أبو داود","zekr":"رَبّنَا الَّلهُ الذِي فِي السَّمَاءِ، تَقَدَّسَ اسمُكَ، أَمرُكَ فِي السَّمَاءِ وَالأَرْضِ، كَمَا رَحمَتُكَ فِي السَّمَاءِ فَاجْعَلْ رَحْمَتَكَ فِي الأَرْضِ، اغفِر لَنَا حَوْبَنَا وَخَطَايَانَا، أَنتَ رَبُّ الطَّيِّبِينَ، أَنزِلْ رَحْمَةً مِن رَحمَتِكَ، وَشِفَاءً مِن شِفَائِكَ عَلَى هَذَا الوَجَعِ، فَيَبرَأ."},{"count":"","desc":"","ref":"أحمد\n","zekr":"أَعُوذُ بِكَلِمَاتِ اللَّهِ التَّامَّاتِ الَّتِي لَا يُجَاوِزُهُنَّ بَرٌّ وَلَا فَاجِرٌ، مِنْ شَرِّ مَا خَلَقَ، وَبَرَأَ، وَذَرَأَ، وَمِنْ شَرِّ مَا يَنْزِلُ مِنَ السَّمَاءِ، وَمِنْ شَرِّ مَا يَعْرُجُ فِيهَا، وَمِنْ شَرِّ مَا ذَرَأَ فِي الْأَرْضِ، وَمِنْ شَرِّ مَا يَخْرُجُ مِنْهَا، وَمِنْ شَرِّ فِتَنِ اللَّيْلِ وَالنَّهَارِ، وَمِنْ شَرِّ كُلِّ طَارِقٍ إِلَّا طَارِقًا يَطْرُقُ بِخَيْرٍ يَا رَحْمَنُ ."},{"count":"3","desc":"","ref":"أبو داود","zekr":"بِسـمِ اللهِ الذي لا يَضُـرُّ مَعَ اسمِـهِ شَيءٌ في الأرْضِ وَلا في السّمـاءِ وَهـوَ السّمـيعُ العَلـيم."},{"count":"","desc":"","ref":"أبو داود","zekr":"أَعُوذُ بِكَلِمَاتِ اللهِ التَّامَّةِ مِنْ غَضَبِهِ وَعِقَابِهِ،  وَشَرِّ عِبَادِهِ،  وَمَنْ هَمَزَاتِ الشَّيَاطِينِ،  وَأَنْ يَحْضُرُونِ."},{"count":"","desc":"","ref":"الترمذي","zekr":"بِسْمِ اللَّهِ الْعَظِيمِ،  أَعُوذُ بِاللَّهِ الْكَبِيرِ مِنْ شَرِّ كُلِّ عِرْقٍ نَعَّارٍ،  وَمِنْ شَرِّ حَرِّ النَّارِ."},{"count":"","desc":"","ref":"البخاري\n","zekr":"بِسْمِ اللهِ تربَةُ أَرْضِنَا، بِرِيقةِ بَعْضِنَا، يُشْفَى سَقِيمُنَا، بإِذْنِ رَبِّنَا."},{"count":"7","desc":"","ref":"أحمد","zekr":"أَسْأَلُ اللَّهَ الْعَظِيمَ رَبَّ الْعَرْشِ الْعَظِيمِ، أَنْ يُعَافِيَكَ وَيَشْفِيَكَ."},{"count":"","desc":"","ref":"الترمذي","zekr":"اللَّهُمَّ بَرِّدْ قَلْبِي بِالثَّلْجِ وَالْبَرَدِ وَالْمَاءِ الْبَارِدِ،  اللَّهُمَّ نَقِّ قَلْبِي مِنَ الْخَطَايَا كَمَا نَقَّيْتَ الثَّوْبَ الْأَبْيَضَ مِنَ الدَّنَسِ."},{"count":"","desc":"","ref":"أبو داود","zekr":"اللَّهُمَّ إِنِّي أَعُوذُ بِوَجْهِكَ الْكَرِيمِ وَكَلِمَاتِكَ التَّامَّةِ مِنْ شَرِّ مَا أَنْتَ آخِذٌ بِنَاصِيَتِهِ، اللَّهُمَّ أَنْتَ تَكْشِفُ الْمَغْرَمَ وَالْمَأْثَمَ، اللَّهُمَّ لَا يُهْزَمُ جُنْدُكَ، وَلَا يُخْلَفُ وَعْدُكَ، وَلَا يَنْفَعُ ذَا الْجَدِّ مِنْكَ الْجَدُّ، سُبْحَانَكَ وَبِحَمْدِكَ."},{"count":"","desc":"","ref":"مسلم","zekr":"بِاسْمِ اللَّهِ يُبْرِيكَ، وَمِنْ كُلِّ دَاءٍ يَشْفِيكَ، وَمِنْ شَرِّ حَاسِدٍ إِذَا حَسَدَ، وَشَرِّ كُلِّ ذِي عَيْنٍ."},{"count":"","desc":"","ref":"أحمد","zekr":"اللَّهُمَّ اشْفِ عَبْدَكَ يَنْكَأُ لَكَ عَدُوًّا،  أَوْ يَمْشِي لَكَ إِلَى صَلاةٍ."},{"count":"","desc":"","ref":"البخاري","zekr":"اللَّهُمَّ صَلِّ عَلَى مُحَمَّدٍ وَعَلَى آلِ مُحَمَّدٍ كَمَا صَلَّيْتَ عَلَى إِبْرَاهِيمَ وَعَلَى آلِ إِبْرَاهِيمَ إِنَّكَ حَمِيدٌ مَجِيدٌ، اللَّهُمَّ بَارِكْ عَلَى مُحَمَّدٍ وَعَلَى آلِ مُحَمَّدٍ كَمَا بَارَكْتَ عَلَى إِبْرَاهِيمَ وَعَلَى آلِ إِبْرَاهِيمَ  فِي الْعَالَمِينَ إِنَّكَ حَمِيدٌ مَجِيدٌ."},{"count":"","desc":"","ref":"مسلم","zekr":"بِسْمِ اللَّهِ أرْقِيكَ، مِنْ كُلِّ شَيْءٍ يُؤْذِيكَ، وَمِنْ شَرِّ كُلِّ نَفْسٍ أَوْ عَيْنِ حَاسِدٍ، اللهُ يَشْفِيكَ، بِسمِ اللَّهِ أَرقِيكَ"}]