[{"ref":"","zekr":"بِسْمِ اللَّهِ الرَّحْمَنِ الرَّحِيمِ ﴿1﴾ الْحَمْدُ لِلَّهِ رَبِّ الْعَالَمِينَ ﴿2﴾ الرَّحْمَنِ \nالرَّحِيمِ ﴿3﴾ مَالِكِ يَوْمِ الدِّينِ ﴿4﴾ إِيَّاكَ نَعْبُدُ وَإِيَّاكَ \nنَسْتَعِينُ ﴿5﴾ اهْدِنَا الصِّرَاطَ الْمُسْتَقِيمَ ﴿6﴾ صِرَاطَ الَّذِينَ \nأَنْعَمْتَ عَلَيْهِمْ غَيْرِ الْمَغْضُوبِ عَلَيْهِمْ وَلَا الضَّالِّينَ ﴿7﴾."},{"ref":"","zekr":"الم ﴿1﴾ ذَلِكَ الْكِتَابُ لَا رَيْبَ \nفِيهِ هُدًى لِلْمُتَّقِينَ ﴿2﴾ الَّذِينَ يُؤْمِنُونَ بِالْغَيْبِ وَيُقِيمُونَ \nالصَّلَاةَ وَمِمَّا رَزَقْنَاهُمْ يُنْفِقُونَ ﴿3﴾ وَالَّذِينَ يُؤْمِنُونَ بِمَا \nأُنْزِلَ إِلَيْكَ وَمَا أُنْزِلَ مِنْ قَبْلِكَ وَبِالْآَخِرَةِ هُمْ يُوقِنُونَ \n﴿4﴾ أُولَئِكَ عَلَى هُدًى مِنْ رَبِّهِمْ وَأُولَئِكَ هُمُ الْمُفْلِحُونَ ﴿5﴾."},{"ref":"","zekr":"اللّهُ لاَ إِلَـهَ إِلاَّ هُوَ \nالْحَيُّ الْقَيُّومُ لاَ تَأْخُذُهُ سِنَةٌ وَلاَ نَوْمٌ لَّهُ مَا فِي \nالسَّمَاوَاتِ وَمَا فِي الأَرْضِ مَن ذَا الَّذِي يَشْفَعُ عِنْدَهُ إِلاَّ \nبِإِذْنِهِ يَعْلَمُ مَا بَيْنَ أَيْدِيهِمْ وَمَا خَلْفَهُمْ وَلاَ يُحِيطُونَ \nبِشَيْءٍ مِّنْ عِلْمِهِ إِلاَّ بِمَا شَاء وَسِعَ كُرْسِيُّهُ السَّمَاوَاتِ \nوَالأَرْضَ وَلاَ يَؤُودُهُ حِفْظُهُمَا وَهُوَ الْعَلِيُّ الْعَظِيمُ."},{"ref":"","zekr":"لِلَّهِ مَا فِي السَّمَاوَاتِ \nوَمَا فِي الْأَرْضِ وَإِنْ تُبْدُوا مَا فِي أَنْفُسِكُمْ أَوْ تُخْفُوهُ \nيُحَاسِبْكُمْ بِهِ اللَّهُ فَيَغْفِرُ لِمَنْ يَشَاءُ وَيُعَذِّبُ مَنْ يَشَاءُ \nوَاللَّهُ عَلَى كُلِّ شَيْءٍ قَدِيرٌ ﴿284﴾ آَمَنَ الرَّسُولُ بِمَا أُنْزِلَ \nإِلَيْهِ مِنْ رَبِّهِ وَالْمُؤْمِنُونَ كُلٌّ آَمَنَ بِاللَّهِ وَمَلَائِكَتِهِ \nوَكُتُبِهِ وَرُسُلِهِ لَا نُفَرِّقُ بَيْنَ أَحَدٍ مِنْ رُسُلِهِ وَقَالُوا \nسَمِعْنَا وَأَطَعْنَا غُفْرَانَكَ رَبَّنَا وَإِلَيْكَ الْمَصِيرُ ﴿285﴾ لَا \nيُكَلِّفُ اللَّهُ نَفْسًا إِلَّا وُسْعَهَا لَهَا مَا كَسَبَتْ وَعَلَيْهَا مَا \nاكْتَسَبَتْ رَبَّنَا لَا تُؤَاخِذْنَا إِنْ نَسِينَا أَوْ أَخْطَأْنَا رَبَّنَا \nوَلَا تَحْمِلْ عَلَيْنَا إِصْرًا كَمَا حَمَلْتَهُ عَلَى الَّذِينَ مِنْ قَبْلِنَا \nرَبَّنَا وَلَا تُحَمِّلْنَا مَا لَا طَاقَةَ لَنَا بِهِ وَاعْفُ عَنَّا وَاغْفِرْ \nلَنَا وَارْحَمْنَا أَنْتَ مَوْلَانَا فَانْصُرْنَا عَلَى الْقَوْمِ الْكَافِرِينَ \n﴿286﴾."},{"ref":"","zekr":"قُلْ يَا أَيُّهَا الْكَافِرُونَ ﴿1﴾ لَا أَعْبُدُ مَا تَعْبُدُونَ ﴿2﴾ وَلَا \nأَنْتُمْ عَابِدُونَ مَا أَعْبُدُ ﴿3﴾ وَلَا أَنَا عَابِدٌ مَا عَبَدْتُمْ ﴿4﴾ \nوَلَا أَنْتُمْ عَابِدُونَ مَا أَعْبُدُ ﴿5﴾ لَكُمْ دِينُكُمْ وَلِيَ دِينِ ﴿6﴾."},{"ref":"","zekr":"قُلْ هُوَ اللَّهُ أَحَدٌ ﴿1﴾ اللَّهُ الصَّمَدُ ﴿2﴾ لَمْ يَلِدْ وَلَمْ يُولَدْ \n﴿3﴾ وَلَمْ يَكُنْ لَهُ كُفُوًا أَحَدٌ ﴿4﴾."},{"ref":"","zekr":"قُلْ أَعُوذُ بِرَبِّ الْفَلَقِ ﴿1﴾ \nمِنْ شَرِّ مَا خَلَقَ ﴿2﴾ وَمِنْ شَرِّ غَاسِقٍ إِذَا وَقَبَ ﴿3﴾ وَمِنْ شَرِّ \nالنَّفَّاثَاتِ فِي الْعُقَدِ ﴿4﴾ وَمِنْ شَرِّ حَاسِدٍ إِذَا حَسَدَ ﴿5﴾."},{"ref":"","zekr":"قُلْ أَعُوذُ بِرَبِّ النَّاسِ ﴿1﴾ \nمَلِكِ النَّاسِ ﴿2﴾ إِلَهِ النَّاسِ ﴿3﴾ مِنْ شَرِّ الْوَسْوَاسِ الْخَنَّاسِ ﴿4﴾ \nالَّذِي يُوَسْوِسُ فِي صُدُورِ النَّاسِ ﴿5﴾ مِنَ الْجِنَّةِ وَالنَّاسِ ﴿6﴾."}]